realtime_features,all_features
Stress Level (1-10),Age
Heart Rate (bpm),Sleep Hours
Breathing Rate (breaths/min),Physical Activity (hrs/week)
Sweating Level (1-5),Caffeine Intake (mg/day)
Dizziness,Alcohol Consumption (drinks/week)
Physiological_Score,Smoking
,Family History of Anxiety
,Stress Level (1-10)
,Heart Rate (bpm)
,Breathing Rate (breaths/min)
,Sweating Level (1-5)
,Dizziness
,Medication
,Therapy Sessions (per month)
,Recent Major Life Event
,Diet Quality (1-10)
,Physiological_Score
,Lifestyle_Risk
,Anxiety_Category_Ordinal
,Gender_male
,Gender_other
,Occupation_athlete
,Occupation_chef
,Occupation_doctor
,Occupation_engineer
,Occupation_freelancer
,Occupation_lawyer
,Occupation_musician
,Occupation_nurse
,Occupation_other
,Occupation_scientist
,Occupation_student
,Occupation_teacher
