{
  "full_assessment_model": {
    "algorithm": "Random Forest Regressor",
    "features": 33,
    "samples_train": 7411,
    "samples_test": 1589,
    "test_rmse": 0.665998867620552,
    "test_mae": 0.5574539865217935,
    "test_r2": 0.8703154386077943,
    "best_params": {
      "max_depth": 10,
      "min_samples_leaf": 4,
      "min_samples_split": 10,
      "n_estimators": 200
    }
  },
  "realtime_model": {
    "algorithm": "Logistic Regression",
    "features": 6,
    "samples_train": 7411,
    "samples_test": 1589,
    "test_accuracy": 0.7306482064191315,
    "test_f1": 0.7251042697451994,
    "best_params": {
      "C": 0.1,
      "penalty": "l2",
      "solver": "saga"
    }
  }
}